-- phpMyAdmin SQL Dump
-- version 5.0.2
-- https://www.phpmyadmin.net/
--
-- Host: 127.0.0.1
-- Erstellungszeit: 17. Okt 2020 um 23:04
-- Server-Version: 10.4.14-MariaDB
-- PHP-Version: 7.4.10

SET SQL_MODE = "NO_AUTO_VALUE_ON_ZERO";
START TRANSACTION;
SET time_zone = "+00:00";


/*!40101 SET @OLD_CHARACTER_SET_CLIENT=@@CHARACTER_SET_CLIENT */;
/*!40101 SET @OLD_CHARACTER_SET_RESULTS=@@CHARACTER_SET_RESULTS */;
/*!40101 SET @OLD_COLLATION_CONNECTION=@@COLLATION_CONNECTION */;
/*!40101 SET NAMES utf8mb4 */;

--
-- Datenbank: `liga-tabelle`
--

-- --------------------------------------------------------

--
-- Tabellenstruktur für Tabelle `liga-verein`
--

CREATE TABLE `liga-verein` (
  `ligaId` int(11) NOT NULL,
  `vereinsId` int(11) NOT NULL
) ENGINE=InnoDB DEFAULT CHARSET=utf8;

--
-- Daten für Tabelle `liga-verein`
--

INSERT INTO `liga-verein` (`ligaId`, `vereinsId`) VALUES
(1, 1),
(1, 2),
(1, 3),
(1, 4),
(1, 5),
(1, 6),
(1, 7),
(1, 8),
(1, 9),
(1, 10),
(1, 11),
(1, 12),
(1, 13),
(1, 14),
(1, 15),
(1, 16),
(1, 17),
(1, 18);

-- --------------------------------------------------------

--
-- Tabellenstruktur für Tabelle `ligen`
--

CREATE TABLE `ligen` (
  `ligaId` int(11) NOT NULL,
  `name` varchar(255) NOT NULL,
  `beschreibung` text NOT NULL,
  `logo` varchar(255) NOT NULL,
  `erstelltVon` varchar(255) NOT NULL,
  `keywords` varchar(255) NOT NULL
) ENGINE=InnoDB DEFAULT CHARSET=utf8;

--
-- Daten für Tabelle `ligen`
--

INSERT INTO `ligen` (`ligaId`, `name`, `beschreibung`, `logo`, `erstelltVon`, `keywords`) VALUES
(1, 'Bundesliga', 'Bundesliga', '1.png', '2', 'Bundesliga');

-- --------------------------------------------------------

--
-- Tabellenstruktur für Tabelle `spiele`
--

CREATE TABLE `spiele` (
  `spielId` int(11) NOT NULL,
  `heimVerein` int(11) NOT NULL,
  `heimVereinTore` int(11) NOT NULL,
  `auswaertsVerein` int(11) NOT NULL,
  `auswaertsVereinTore` int(11) NOT NULL,
  `datum` datetime NOT NULL,
  `spieltagId` int(11) NOT NULL
) ENGINE=InnoDB DEFAULT CHARSET=utf8;

--
-- Daten für Tabelle `spiele`
--

INSERT INTO `spiele` (`spielId`, `heimVerein`, `heimVereinTore`, `auswaertsVerein`, `auswaertsVereinTore`, `datum`, `spieltagId`) VALUES
(5, 5, -1, 14, -1, '2021-05-22 15:30:00', 15),
(6, 6, -1, 13, -1, '2021-05-22 15:30:00', 15),
(8, 15, -1, 17, -1, '2021-05-22 15:30:00', 15),
(9, 3, -1, 12, -1, '2021-05-22 15:30:00', 15),
(11, 9, -1, 1, -1, '2021-05-22 15:30:00', 15),
(16, 8, -1, 10, -1, '2021-05-22 15:30:00', 15),
(17, 16, -1, 18, -1, '2021-05-22 15:30:00', 15),
(19, 1, -1, 15, -1, '2021-05-15 15:30:00', 18),
(21, 11, -1, 8, -1, '2021-05-15 15:30:00', 18),
(22, 14, -1, 9, -1, '2021-05-15 15:30:00', 18),
(23, 12, -1, 4, -1, '2021-05-15 15:30:00', 18),
(25, 13, -1, 16, -1, '2021-05-15 15:30:00', 18),
(26, 18, -1, 3, -1, '2021-05-15 15:30:00', 18),
(28, 17, -1, 5, -1, '2021-05-15 15:30:00', 18),
(31, 10, -1, 6, -1, '2021-05-15 15:30:00', 18),
(33, 4, -1, 11, -1, '2021-05-07 18:30:00', 19),
(35, 5, -1, 1, -1, '2021-05-07 18:30:00', 19),
(36, 6, -1, 18, -1, '2021-05-07 18:30:00', 19),
(38, 15, -1, 9, -1, '2021-05-08 15:30:00', 19),
(40, 3, -1, 17, -1, '2021-05-08 15:30:00', 19),
(41, 13, -1, 10, -1, '2021-05-09 14:30:00', 19),
(43, 16, -1, 12, -1, '2021-05-09 14:30:00', 19),
(45, 7, -1, 14, -1, '2021-05-10 18:30:00', 19),
(47, 13, 1, 3, 3, '2020-09-25 15:30:00', 3),
(49, 1, -1, 8, -1, '2021-04-23 18:30:00', 21),
(50, 11, -1, 10, -1, '2021-04-23 18:30:00', 21),
(51, 14, 1, 1, 1, '2020-09-25 15:30:00', 3),
(52, 14, -1, 3, -1, '2021-04-23 18:30:00', 21),
(53, 17, 1, 8, 4, '2020-09-25 15:30:00', 3),
(54, 15, -1, 5, -1, '2021-04-24 15:30:00', 21),
(56, 12, -1, 6, -1, '2021-04-24 15:30:00', 21),
(57, 9, -1, 7, -1, '2021-04-24 15:30:00', 21),
(58, 10, 1, 16, 0, '2020-09-25 15:30:00', 3),
(59, 18, -1, 13, -1, '2021-04-24 15:30:00', 21),
(60, 18, 1, 7, 3, '2020-09-25 15:30:00', 3),
(61, 17, -1, 4, -1, '2021-04-26 18:30:00', 21),
(62, 6, 4, 4, 1, '2020-09-25 15:30:00', 3),
(64, 12, 1, 15, 1, '2020-09-25 15:30:00', 3),
(65, 4, -1, 14, -1, '2021-04-20 18:30:00', 23),
(66, 5, -1, 9, -1, '2021-04-20 18:30:00', 23),
(67, 6, -1, 11, -1, '2021-04-20 18:30:00', 23),
(69, 13, -1, 12, -1, '2021-04-20 18:30:00', 23),
(70, 16, -1, 1, -1, '2021-04-20 20:00:00', 23),
(71, 7, -1, 17, -1, '2021-04-21 18:30:00', 23),
(72, 10, -1, 18, -1, '2021-04-21 18:30:00', 23),
(73, 8, -1, 15, -1, '2021-04-21 20:00:00', 23),
(74, 9, 4, 17, 0, '2020-10-02 20:30:00', 35),
(75, 5, -1, 7, -1, '2021-04-16 18:30:00', 24),
(77, 1, -1, 6, -1, '2021-04-16 18:30:00', 24),
(78, 3, 2, 6, 1, '2020-10-03 15:30:00', 35),
(79, 11, -1, 3, -1, '2021-04-16 20:00:00', 24),
(80, 16, 1, 11, 3, '2020-10-03 15:30:00', 35),
(81, 14, -1, 16, -1, '2021-04-17 15:30:00', 24),
(82, 15, -1, 4, -1, '2021-04-17 15:30:00', 24),
(83, 12, -1, 18, -1, '2021-04-17 15:30:00', 24),
(84, 7, 1, 10, 0, '2020-10-03 15:30:00', 35),
(85, 9, -1, 8, -1, '2021-04-17 15:30:00', 24),
(86, 8, 1, 14, 1, '2020-10-03 15:30:00', 35),
(87, 1, 4, 18, 0, '2020-10-03 18:30:00', 35),
(88, 17, -1, 13, -1, '2021-04-18 18:30:00', 24),
(91, 4, -1, 9, -1, '2021-04-09 18:30:00', 26),
(92, 4, 4, 13, 3, '2020-10-04 18:00:00', 35),
(93, 6, -1, 14, -1, '2021-04-09 18:30:00', 26),
(94, 3, -1, 15, -1, '2021-04-09 20:00:00', 26),
(95, 13, -1, 11, -1, '2021-04-10 15:30:00', 26),
(96, 6, 0, 5, 1, '2020-10-17 15:30:00', 4),
(98, 12, 1, 7, 1, '2020-10-17 15:30:00', 4),
(99, 16, -1, 17, -1, '2021-04-10 15:30:00', 26),
(100, 13, 0, 8, 2, '2020-10-17 15:30:00', 4),
(101, 7, -1, 1, -1, '2021-04-10 15:30:00', 26),
(102, 10, -1, 12, -1, '2021-04-11 15:30:00', 26),
(103, 8, -1, 5, -1, '2021-04-12 20:00:00', 26),
(104, 17, 0, 14, 1, '2020-10-17 15:30:00', 4),
(106, 5, -1, 3, -1, '2021-04-03 15:30:00', 28),
(107, 1, -1, 4, -1, '2021-04-03 15:30:00', 28),
(108, 10, 1, 4, 4, '2020-10-17 18:30:00', 4),
(109, 11, -1, 12, -1, '2021-04-03 15:30:00', 28),
(110, 14, -1, 18, -1, '2021-04-04 15:30:00', 28),
(111, 11, 0, 15, 0, '2020-10-17 20:30:00', 4),
(112, 15, -1, 16, -1, '2021-04-04 15:30:00', 28),
(113, 16, -1, 3, -1, '2020-10-18 15:30:00', 4),
(114, 9, -1, 13, -1, '2021-04-04 15:30:00', 28),
(115, 18, -1, 9, -1, '2020-10-18 18:00:00', 4),
(116, 17, -1, 10, -1, '2021-04-05 20:00:00', 28),
(118, 8, -1, 7, -1, '2021-04-05 20:00:00', 28),
(119, 8, -1, 16, -1, '2020-10-23 20:30:00', 5),
(120, 4, -1, 8, -1, '2021-03-19 18:30:00', 30),
(121, 6, -1, 17, -1, '2021-03-19 18:30:00', 30),
(123, 3, -1, 9, -1, '2021-03-20 15:30:00', 30),
(124, 4, -1, 3, -1, '2020-10-24 15:30:00', 5),
(125, 13, -1, 14, -1, '2021-03-20 15:30:00', 30),
(126, 1, -1, 3, -1, '2020-10-24 15:30:00', 5),
(128, 16, -1, 5, -1, '2021-03-21 13:00:00', 30),
(129, 9, -1, 12, -1, '2020-10-24 15:30:00', 5),
(130, 7, -1, 15, -1, '2021-03-21 15:30:00', 30),
(131, 10, -1, 1, -1, '2021-03-21 13:30:00', 30),
(132, 18, -1, 11, -1, '2021-03-20 15:30:00', 30),
(133, 17, -1, 11, -1, '2020-10-24 15:30:00', 5),
(134, 5, -1, 18, -1, '2020-10-24 18:30:00', 5),
(135, 7, -1, 6, -1, '2020-10-25 18:00:00', 5),
(137, 15, -1, 10, -1, '2020-10-25 15:30:00', 5),
(138, 4, 8, 18, 0, '2020-09-18 15:30:00', 36),
(139, 3, 1, 10, 1, '2020-09-19 15:30:00', 36),
(141, 16, 2, 6, 3, '2020-09-19 15:30:00', 36),
(142, 7, 1, 13, 4, '2020-09-19 15:30:00', 36),
(143, 8, 2, 12, 3, '2020-09-19 15:30:00', 36),
(144, 5, 3, 11, 0, '2020-09-19 15:30:00', 36),
(145, 1, 3, 17, 1, '2020-09-20 15:30:00', 36),
(146, 15, 0, 14, 0, '2020-09-20 20:15:00', 36),
(147, 9, 1, 2, 3, '2020-09-19 15:30:00', 36),
(148, 11, 1, 9, 1, '2020-09-25 15:30:00', 3),
(149, 2, 2, 5, 0, '2020-09-26 15:30:00', 3),
(150, 15, 0, 2, 0, '2020-10-04 15:30:00', 35),
(151, 5, 4, 12, 0, '2020-10-03 15:30:00', 35),
(157, 2, 0, 1, 2, '2020-10-17 15:30:00', 4),
(158, 18, -1, 8, -1, '2020-10-30 20:30:00', 6),
(159, 3, -1, 7, -1, '2020-10-31 15:30:00', 6),
(160, 16, -1, 4, -1, '2020-10-31 15:30:00', 6),
(161, 2, -1, 17, -1, '2020-10-31 15:30:00', 6),
(162, 10, -1, 5, -1, '2020-10-31 15:30:00', 6),
(163, 11, -1, 1, -1, '2020-10-31 18:30:00', 6),
(164, 12, -1, 14, -1, '2020-11-01 15:30:00', 6),
(165, 13, -1, 15, -1, '2020-11-01 18:00:00', 6),
(166, 6, -1, 9, -1, '2020-11-02 20:30:00', 6),
(167, 7, -1, 16, -1, '2020-11-06 20:30:00', 7),
(168, 1, -1, 12, -1, '2020-11-07 15:30:00', 7),
(169, 9, -1, 10, -1, '2020-11-07 15:30:00', 7),
(170, 17, -1, 18, -1, '2020-11-07 15:30:00', 7),
(171, 2, -1, 13, -1, '2020-11-07 15:30:00', 7),
(172, 8, -1, 3, -1, '2020-11-07 15:30:00', 7),
(173, 5, -1, 4, -1, '2020-11-07 18:30:00', 7),
(174, 15, -1, 6, -1, '2020-11-08 15:30:00', 7),
(175, 14, -1, 11, -1, '2020-11-08 18:00:00', 7),
(176, 4, -1, 7, -1, '2020-11-21 15:30:00', 8),
(177, 11, -1, 2, -1, '2020-11-21 15:30:00', 8),
(178, 6, -1, 8, -1, '2020-11-21 15:30:00', 8),
(179, 18, -1, 15, -1, '2020-11-21 15:30:00', 8),
(180, 10, -1, 14, -1, '2020-11-21 15:30:00', 8),
(181, 3, -1, 1, -1, '2020-11-21 18:30:00', 8),
(182, 13, -1, 5, -1, '2020-11-21 20:30:00', 8),
(183, 12, -1, 17, -1, '2020-11-22 15:30:00', 8),
(184, 16, -1, 9, -1, '2020-11-22 18:00:00', 8),
(185, 15, -1, 7, -1, '2020-11-27 20:30:00', 9),
(186, 5, -1, 16, -1, '2020-11-28 15:30:00', 9),
(188, 9, -1, 3, -1, '2020-11-28 15:30:00', 9),
(189, 2, -1, 12, -1, '2020-11-28 15:30:00', 9),
(190, 8, -1, 4, -1, '2020-11-28 15:30:00', 9),
(191, 11, -1, 18, -1, '2020-11-28 18:30:00', 9),
(192, 14, -1, 13, -1, '2020-11-29 15:30:00', 9),
(193, 17, -1, 6, -1, '2020-11-29 18:00:00', 9),
(194, 1, -1, 10, -1, '2020-11-28 15:30:00', 9),
(195, 13, -1, 9, -1, '2020-12-04 20:30:00', 10),
(196, 12, -1, 11, -1, '2020-12-05 15:30:00', 10),
(197, 3, -1, 5, -1, '2020-12-05 15:30:00', 10),
(198, 16, -1, 15, -1, '2020-12-05 15:30:00', 10),
(199, 10, -1, 17, -1, '2020-12-05 15:30:00', 10),
(200, 4, -1, 1, -1, '2020-12-05 18:30:00', 10),
(201, 7, -1, 8, -1, '2020-12-06 15:30:00', 10),
(202, 18, -1, 14, -1, '2020-12-06 18:00:00', 10),
(203, 6, -1, 2, -1, '2020-12-07 20:30:00', 10),
(204, 15, -1, 3, -1, '2020-12-11 20:30:00', 11),
(205, 5, -1, 8, -1, '2020-12-12 15:30:00', 11),
(206, 1, -1, 7, -1, '2020-12-12 15:30:00', 11),
(207, 11, -1, 13, -1, '2020-12-12 15:30:00', 11),
(208, 12, -1, 10, -1, '2020-12-12 15:30:00', 11),
(209, 17, -1, 16, -1, '2020-12-12 15:30:00', 11),
(210, 9, -1, 4, -1, '2020-12-11 18:30:00', 11),
(211, 2, -1, 18, -1, '2020-12-13 15:30:00', 11),
(212, 14, -1, 6, -1, '2020-12-13 18:00:00', 11),
(213, 3, -1, 11, -1, '2020-12-15 18:30:00', 12),
(214, 13, -1, 17, -1, '2020-12-15 20:30:00', 12),
(215, 7, -1, 5, -1, '2020-12-15 20:30:00', 12),
(216, 8, -1, 9, -1, '2020-12-15 20:30:00', 12),
(217, 18, -1, 12, -1, '2020-12-16 18:30:00', 12),
(218, 4, -1, 15, -1, '2020-12-16 20:30:00', 12),
(219, 6, -1, 1, -1, '2020-12-16 20:30:00', 12),
(220, 16, -1, 14, -1, '2020-12-16 20:30:00', 12),
(221, 10, -1, 2, -1, '2020-12-16 20:30:00', 12),
(222, 1, -1, 16, -1, '2020-12-18 20:30:00', 13),
(223, 11, -1, 6, -1, '2020-12-19 15:30:00', 13),
(224, 14, -1, 4, -1, '2020-12-19 15:30:00', 13),
(225, 15, -1, 8, -1, '2020-12-18 15:30:00', 13),
(226, 12, -1, 13, -1, '2020-12-19 15:30:00', 13),
(227, 9, -1, 5, -1, '2020-12-20 15:30:00', 13),
(228, 18, -1, 10, -1, '2020-12-20 15:30:00', 13),
(229, 17, -1, 7, -1, '2020-12-20 18:00:00', 13),
(230, 2, -1, 3, -1, '2020-12-21 20:30:00', 13),
(231, 4, -1, 17, -1, '2021-01-02 15:30:00', 14),
(232, 5, -1, 15, -1, '2021-01-02 15:30:00', 14),
(233, 6, -1, 12, -1, '2021-01-02 15:30:00', 14),
(234, 3, -1, 14, -1, '2021-01-02 15:30:00', 14),
(235, 13, -1, 18, -1, '2021-01-03 15:30:00', 14),
(236, 16, -1, 2, -1, '2021-01-03 15:30:00', 14),
(237, 7, -1, 9, -1, '2021-01-03 15:30:00', 14),
(238, 10, -1, 11, -1, '2021-01-03 18:00:00', 14),
(239, 8, -1, 1, -1, '2021-01-04 20:30:00', 14),
(240, 1, -1, 5, -1, '2021-01-08 20:30:00', 16),
(241, 11, -1, 4, -1, '2021-01-09 15:30:00', 16),
(242, 14, -1, 7, -1, '2021-01-09 15:30:00', 16),
(243, 12, -1, 16, -1, '2021-01-09 15:30:00', 16),
(244, 9, -1, 15, -1, '2021-01-09 15:30:00', 16),
(245, 18, -1, 6, -1, '2021-01-09 15:30:00', 16),
(246, 17, -1, 3, -1, '2021-01-09 15:30:00', 16),
(247, 2, -1, 8, -1, '2021-01-10 18:00:00', 16),
(248, 10, -1, 13, -1, '2021-01-11 20:30:00', 16),
(249, 4, -1, 12, -1, '2021-01-15 20:30:00', 17),
(250, 5, -1, 17, -1, '2021-01-16 15:30:00', 17),
(251, 6, -1, 10, -1, '2021-01-16 15:30:00', 17),
(252, 15, -1, 1, -1, '2021-01-16 15:30:00', 17),
(253, 3, -1, 18, -1, '2021-01-17 15:30:00', 17),
(254, 9, -1, 14, -1, '2021-01-17 15:30:00', 17),
(255, 16, -1, 13, -1, '2021-01-17 15:30:00', 17),
(256, 7, -1, 2, -1, '2021-01-17 15:30:00', 17),
(257, 8, -1, 11, -1, '2021-01-17 15:30:00', 17),
(258, 1, -1, 9, -1, '2021-01-19 18:00:00', 20),
(259, 11, -1, 7, -1, '2021-01-19 18:00:00', 20),
(260, 14, -1, 5, -1, '2021-01-19 18:30:00', 20),
(261, 12, -1, 3, -1, '2021-01-19 18:30:00', 20),
(262, 13, -1, 6, -1, '2021-01-20 18:00:00', 20),
(263, 18, -1, 16, -1, '2021-01-20 18:00:00', 20),
(264, 17, -1, 15, -1, '2021-01-20 18:30:00', 20),
(265, 2, -1, 4, -1, '2021-01-20 18:30:00', 20),
(266, 10, -1, 8, -1, '2021-01-20 18:30:00', 20),
(267, 11, -1, 5, -1, '2021-01-22 15:30:00', 22),
(268, 14, -1, 15, -1, '2021-01-23 15:30:00', 22),
(269, 6, -1, 16, -1, '2021-01-23 15:30:00', 22),
(270, 12, -1, 8, -1, '2021-01-23 15:30:00', 22),
(271, 13, -1, 7, -1, '2021-01-23 15:30:00', 22),
(272, 18, -1, 4, -1, '2021-01-23 15:30:00', 22),
(273, 17, -1, 1, -1, '2021-01-24 15:30:00', 22),
(274, 2, -1, 9, -1, '2021-01-24 15:30:00', 22),
(275, 10, -1, 3, -1, '2021-01-25 20:30:00', 22),
(276, 4, -1, 6, -1, '2021-01-29 20:30:00', 25),
(277, 5, -1, 2, -1, '2021-01-30 15:30:00', 25),
(278, 1, -1, 14, -1, '2021-01-30 15:30:00', 25),
(279, 15, -1, 12, -1, '2021-01-30 15:30:00', 25),
(280, 3, -1, 13, -1, '2021-01-30 15:30:00', 25),
(281, 9, -1, 11, -1, '2021-01-30 15:30:00', 25),
(282, 16, -1, 10, -1, '2021-01-31 15:30:00', 25),
(283, 7, -1, 18, -1, '2021-01-31 15:30:00', 25),
(284, 8, -1, 17, -1, '2021-02-01 20:30:00', 25),
(285, 11, -1, 16, -1, '2021-02-05 15:30:00', 27),
(286, 14, -1, 8, -1, '2021-02-06 15:30:00', 27),
(287, 6, -1, 3, -1, '2021-02-06 15:30:00', 27),
(288, 12, -1, 5, -1, '2021-02-06 15:30:00', 27),
(289, 13, -1, 4, -1, '2021-02-06 15:30:00', 27),
(290, 18, -1, 1, -1, '2021-02-07 15:30:00', 27),
(291, 17, -1, 9, -1, '2021-02-07 15:30:00', 27),
(292, 2, -1, 15, -1, '2021-02-07 15:30:00', 27),
(293, 10, -1, 7, -1, '2021-02-08 20:30:00', 27),
(294, 4, -1, 10, -1, '2021-02-12 20:30:00', 29),
(295, 5, -1, 6, -1, '2021-02-13 15:30:00', 29),
(296, 1, -1, 2, -1, '2021-02-13 15:30:00', 29),
(297, 14, -1, 17, -1, '2021-02-13 15:30:00', 29),
(298, 15, -1, 11, -1, '2021-02-13 15:30:00', 29),
(299, 3, -1, 16, -1, '2021-02-13 15:30:00', 29),
(301, 7, -1, 12, -1, '2021-02-14 15:30:00', 29),
(302, 8, -1, 13, -1, '2021-02-15 20:30:00', 29),
(303, 9, -1, 18, -1, '2021-02-14 15:30:00', 29),
(304, 11, -1, 17, -1, '2021-02-19 20:30:00', 31),
(305, 6, -1, 7, -1, '2021-02-20 15:30:00', 31),
(306, 12, -1, 9, -1, '2021-02-20 15:30:00', 31),
(307, 3, -1, 4, -1, '2021-02-20 15:30:00', 31),
(308, 13, -1, 1, -1, '2021-02-20 15:30:00', 31),
(309, 18, -1, 5, -1, '2021-02-20 15:30:00', 31),
(310, 16, -1, 8, -1, '2021-02-21 15:30:00', 31),
(311, 2, -1, 14, -1, '2021-02-21 15:30:00', 31),
(312, 10, -1, 15, -1, '2021-02-22 20:30:00', 31),
(313, 4, -1, 16, -1, '2021-02-26 20:30:00', 33),
(314, 5, -1, 10, -1, '2021-02-27 15:30:00', 33),
(315, 1, -1, 11, -1, '2021-02-27 15:30:00', 33),
(316, 14, -1, 12, -1, '2021-02-27 15:30:00', 33),
(317, 15, -1, 13, -1, '2021-02-27 15:30:00', 33),
(318, 9, -1, 6, -1, '2021-02-27 15:30:00', 33),
(319, 17, -1, 2, -1, '2021-02-28 15:30:00', 33),
(320, 7, -1, 3, -1, '2021-02-28 15:30:00', 33),
(321, 8, -1, 18, -1, '2021-03-01 20:30:00', 33),
(322, 4, -1, 5, -1, '2021-03-05 20:30:00', 34),
(323, 11, -1, 14, -1, '2021-03-06 15:30:00', 34),
(324, 6, -1, 15, -1, '2021-03-06 15:30:00', 34),
(325, 12, -1, 1, -1, '2021-03-06 15:30:00', 34),
(326, 3, -1, 8, -1, '2021-03-06 15:30:00', 34),
(327, 13, -1, 2, -1, '2021-03-06 15:30:00', 34),
(328, 18, -1, 17, -1, '2021-03-07 15:30:00', 34),
(329, 16, -1, 7, -1, '2021-03-07 15:30:00', 34),
(330, 10, -1, 9, -1, '2021-03-08 20:30:00', 34),
(331, 5, -1, 13, -1, '2021-03-12 20:30:00', 32),
(332, 1, -1, 3, -1, '2021-03-13 15:30:00', 32),
(333, 14, -1, 10, -1, '2021-03-13 15:30:00', 32),
(334, 15, -1, 18, -1, '2021-03-13 15:30:00', 32),
(335, 9, -1, 16, -1, '2021-03-13 15:30:00', 32),
(336, 17, -1, 12, -1, '2021-03-13 15:30:00', 32),
(337, 2, -1, 11, -1, '2021-03-13 15:30:00', 32),
(338, 7, -1, 4, -1, '2021-03-14 15:30:00', 32),
(339, 8, -1, 6, -1, '2021-03-15 20:30:00', 32),
(340, 12, -1, 2, -1, '2021-03-20 15:30:00', 30),
(341, 2, -1, 6, -1, '2021-04-04 15:30:00', 28),
(342, 18, -1, 2, -1, '2021-04-10 15:30:00', 26),
(343, 2, -1, 10, -1, '2021-04-18 20:30:00', 24),
(344, 3, -1, 2, -1, '2021-04-20 18:30:00', 23),
(345, 2, -1, 16, -1, '2021-04-26 20:30:00', 21),
(346, 8, -1, 2, -1, '2021-05-10 20:30:00', 19),
(347, 2, -1, 7, -1, '2021-05-15 18:00:00', 18),
(348, 4, -1, 2, -1, '2021-05-22 15:30:00', 15),
(349, 7, -1, 11, -1, '2021-05-22 15:30:00', 15);

-- --------------------------------------------------------

--
-- Tabellenstruktur für Tabelle `spieltage`
--

CREATE TABLE `spieltage` (
  `spieltagId` int(11) NOT NULL,
  `von` date NOT NULL,
  `bis` date NOT NULL,
  `ligaId` int(11) NOT NULL
) ENGINE=InnoDB DEFAULT CHARSET=utf8;

--
-- Daten für Tabelle `spieltage`
--

INSERT INTO `spieltage` (`spieltagId`, `von`, `bis`, `ligaId`) VALUES
(3, '2020-09-25', '2020-09-27', 1),
(4, '2020-10-17', '2020-10-18', 1),
(5, '2020-10-23', '2020-10-26', 1),
(6, '2020-10-30', '2020-11-02', 1),
(7, '2020-11-06', '2020-11-08', 1),
(8, '2020-11-21', '2020-11-22', 1),
(9, '2020-11-27', '2020-11-29', 1),
(10, '2020-12-04', '2020-12-07', 1),
(11, '2020-12-11', '2020-12-13', 1),
(12, '2020-12-15', '2020-12-16', 1),
(13, '2020-12-18', '2020-12-21', 1),
(14, '2021-01-02', '2021-01-04', 1),
(15, '2021-05-22', '2021-05-22', 1),
(16, '2021-01-08', '2021-01-11', 1),
(17, '2021-01-15', '2021-01-17', 1),
(18, '2021-05-15', '2021-05-15', 1),
(19, '2021-05-07', '2021-05-10', 1),
(20, '2021-01-19', '2021-01-20', 1),
(21, '2021-04-23', '2021-04-26', 1),
(22, '2021-01-22', '2021-01-25', 1),
(23, '2021-04-20', '2021-04-21', 1),
(24, '2021-04-16', '2021-04-18', 1),
(25, '2021-01-29', '2021-02-01', 1),
(26, '2021-04-09', '2021-04-12', 1),
(27, '2021-02-05', '2021-02-08', 1),
(28, '2021-04-03', '2021-04-05', 1),
(29, '2021-02-12', '2021-02-15', 1),
(30, '2021-03-19', '2021-03-21', 1),
(31, '2021-02-19', '2021-02-22', 1),
(32, '2021-03-12', '2021-03-15', 1),
(33, '2021-02-26', '2021-03-01', 1),
(34, '2021-03-05', '2021-03-08', 1),
(35, '2020-10-02', '2020-10-04', 1),
(36, '2020-09-18', '2020-09-20', 1);

-- --------------------------------------------------------

--
-- Tabellenstruktur für Tabelle `user`
--

CREATE TABLE `user` (
  `userId` int(11) NOT NULL,
  `username` varchar(255) NOT NULL,
  `email` varchar(255) NOT NULL,
  `passwort` text NOT NULL,
  `profilbild` varchar(255) NOT NULL,
  `status` varchar(255) NOT NULL,
  `createdAt` date NOT NULL DEFAULT current_timestamp()
) ENGINE=InnoDB DEFAULT CHARSET=utf8;

--
-- Daten für Tabelle `user`
--

INSERT INTO `user` (`userId`, `username`, `email`, `passwort`, `profilbild`, `status`, `createdAt`) VALUES
(1, 'admin', 'admin@admin.admin', '$2y$10$EdcseY8ry2tCXU7PPHMC9eR5rBi1E.lgM4o2in52k3zOiBq5tK1Aa', 'keinPB.png', 'admin', '2020-10-05'),
(2, 'Sören Gerdts', 'soerengerdts@live.de', '$2y$10$aOHjLCmWVJm4rnVMlK2.Z.K6Ra1L6SO.E1irbgp./3VoBVjaZoXda', '2.jpg', 'member', '2020-10-06');

-- --------------------------------------------------------

--
-- Tabellenstruktur für Tabelle `vereine`
--

CREATE TABLE `vereine` (
  `vereinsId` int(11) NOT NULL,
  `name` varchar(255) NOT NULL,
  `beschreibung` text NOT NULL,
  `logo` varchar(255) NOT NULL,
  `erstelltVon` varchar(255) NOT NULL
) ENGINE=InnoDB DEFAULT CHARSET=utf8;

--
-- Daten für Tabelle `vereine`
--

INSERT INTO `vereine` (`vereinsId`, `name`, `beschreibung`, `logo`, `erstelltVon`) VALUES
(1, 'RB Leibzig', 'Lorim Ipsum', '1.jpg', '2'),
(2, 'Augsburg', '', '2.jpg', '2'),
(3, 'Eintracht Frankfurt', '', '3.jpg', '2'),
(4, 'FC Bayern', '', '4.jpg', '2'),
(5, 'Borussia Dortmund', '', '5.jpg', '2'),
(6, 'Hoffenheim', '', '6.jpg', '2'),
(7, 'Werder Bremen', '', '7.jpg', '2'),
(8, 'VfB Stuttgart', '', '8.jpg', '2'),
(9, 'Union Berlin', '', '9.jpg', '2'),
(10, 'Arminia Bielefeld', '', '10.jpg', '2'),
(11, 'Mönchengladbach', '', '11.jpg', '2'),
(12, 'Freiburg', '', '12.jpg', '2'),
(13, 'Herta BSC', '', '13.jpg', '2'),
(14, 'Leverkusen', '', '14.jpg', '2'),
(15, 'Hannover 96', '', '15.jpg', '2'),
(16, '1. FC Köln', '', '16.jpg', '2'),
(17, 'Mainz 05', '', '17.jpg', '2'),
(18, 'Schalke 04', '', '18.jpg', '2');

--
-- Indizes der exportierten Tabellen
--

--
-- Indizes für die Tabelle `liga-verein`
--
ALTER TABLE `liga-verein`
  ADD PRIMARY KEY (`ligaId`,`vereinsId`);

--
-- Indizes für die Tabelle `ligen`
--
ALTER TABLE `ligen`
  ADD PRIMARY KEY (`ligaId`);

--
-- Indizes für die Tabelle `spiele`
--
ALTER TABLE `spiele`
  ADD PRIMARY KEY (`spielId`);

--
-- Indizes für die Tabelle `spieltage`
--
ALTER TABLE `spieltage`
  ADD PRIMARY KEY (`spieltagId`);

--
-- Indizes für die Tabelle `user`
--
ALTER TABLE `user`
  ADD PRIMARY KEY (`userId`),
  ADD UNIQUE KEY `email` (`email`),
  ADD UNIQUE KEY `username` (`username`);

--
-- Indizes für die Tabelle `vereine`
--
ALTER TABLE `vereine`
  ADD PRIMARY KEY (`vereinsId`);

--
-- AUTO_INCREMENT für exportierte Tabellen
--

--
-- AUTO_INCREMENT für Tabelle `ligen`
--
ALTER TABLE `ligen`
  MODIFY `ligaId` int(11) NOT NULL AUTO_INCREMENT, AUTO_INCREMENT=3;

--
-- AUTO_INCREMENT für Tabelle `spiele`
--
ALTER TABLE `spiele`
  MODIFY `spielId` int(11) NOT NULL AUTO_INCREMENT, AUTO_INCREMENT=350;

--
-- AUTO_INCREMENT für Tabelle `spieltage`
--
ALTER TABLE `spieltage`
  MODIFY `spieltagId` int(11) NOT NULL AUTO_INCREMENT, AUTO_INCREMENT=39;

--
-- AUTO_INCREMENT für Tabelle `user`
--
ALTER TABLE `user`
  MODIFY `userId` int(11) NOT NULL AUTO_INCREMENT, AUTO_INCREMENT=3;

--
-- AUTO_INCREMENT für Tabelle `vereine`
--
ALTER TABLE `vereine`
  MODIFY `vereinsId` int(11) NOT NULL AUTO_INCREMENT, AUTO_INCREMENT=20;
COMMIT;

/*!40101 SET CHARACTER_SET_CLIENT=@OLD_CHARACTER_SET_CLIENT */;
/*!40101 SET CHARACTER_SET_RESULTS=@OLD_CHARACTER_SET_RESULTS */;
/*!40101 SET COLLATION_CONNECTION=@OLD_COLLATION_CONNECTION */;
